716fa7c1-0062-472b-ad0a-3dbdaceaef16	2300000000000001	HD-IS	2	HD-IS_WF	Helpdesk Issue Workflow	1	1	1	QRH_HELPDESK		Review	helpdesk1	helpdesk1	Review Helpdesk										helpdesk1										1	0	0	0		
e5f2d19e-786f-494f-b10e-5826bf545fd0	2300000000000001	HD-IS	2	HD-IS_WF	Helpdesk Issue Workflow	1	1	1	QRH_HELPDESK		Review	helpdesk2	helpdesk2	Review Helpdesk										helpdesk2										1	0	0	0		
5e46a4ee-3ff9-4d93-b5ca-a87d026f074b	2300000000000004	HD-IS	2	HD-IS_WF	Helpdesk Issue Workflow	1	1	1	QRH_HELPDESK		Review	helpdesk1	helpdesk1	Review Helpdesk	05-mar-2023	helpdesk1								helpdesk1										0	1	0	0		
83ffce95-8892-4136-a705-cbefadd7e01c	2300000000000004	HD-IS	2	HD-IS_WF	Helpdesk Issue Workflow	1	1	1	QRH_HELPDESK		Review	helpdesk2	helpdesk2	Review Helpdesk	05-mar-2023	helpdesk1								helpdesk2										0	1	0	0		
ec4c5fe1-f6cc-4a1b-aba6-686d1f96a497	2300000000000004	HD-IS	4	HD-IS_WF	Helpdesk Quick Response Issue Workflow	1	1	1	QRH_HELPDESK		Review	helpdesk1	picsupport2	Superior IT Application Problem Assign Ticket	05-mar-2023	helpdesk1								picsupport2										0	1	0	0		
58e6402f-0ccd-44b6-920e-4368dc66c33e	2300000000000004	HD-IS	4	HD-IS_WF	Helpdesk Quick Response Issue Workflow	1	1	1	QRH_HELPDESK		Review	helpdesk1	picsupport1	Superior IT Application Problem Assign Ticket	05-mar-2023	helpdesk1								picsupport1										0	1	0	0		
df6881ac-9fda-4410-8236-0457227dbd45	2300000000000004	HD-IS	4	HD-IS_WF	Helpdesk Quick Response Issue Workflow	1	1	1	QRH_HELPDESK		Review	helpdesk1	picsupport2	Superior IT Application Problem Assign Ticket	05-mar-2023	helpdesk1								picsupport2										0	1	0	0		
3064d155-8a86-49f5-8741-fe8f1b8faa30	2300000000000004	HD-IS	4	HD-IS_WF	Helpdesk Quick Response Issue Workflow	1	1	1	QRH_HELPDESK		Review	helpdesk1	picsupport1	Superior IT Application Problem Assign Ticket	05-mar-2023	helpdesk1								picsupport1										0	1	0	0		
e8e4c354-354e-4bde-af01-9572fbc877b0	2300000000000004	HD-IS	4	HD-IS_WF	Helpdesk Quick Response Issue Workflow	1	1	1	QRH_HELPDESK		Review	helpdesk1	picsupport2	Superior IT Application Problem Assign Ticket										picsupport2										1	0	0	0		
1ddc1a77-b5ff-41ef-af4f-014c8247f28c	2300000000000004	HD-IS	4	HD-IS_WF	Helpdesk Quick Response Issue Workflow	1	1	1	QRH_HELPDESK		Review	helpdesk1	picsupport1	Superior IT Application Problem Assign Ticket										picsupport1										1	0	0	0		
e4a8bc12-7fee-4c60-9182-232e1453d207	2300000000000003	HD-IS	2	HD-IS_WF	Helpdesk Issue Workflow	1	1	1	QRH_HELPDESK		Review	helpdesk1	helpdesk1	Review Helpdesk	05-mar-2023	helpdesk1								helpdesk1										0	1	0	0		
dbc76843-23dd-4411-b3ce-cb03cd60bbee	2300000000000003	HD-IS	2	HD-IS_WF	Helpdesk Issue Workflow	1	1	1	QRH_HELPDESK		Review	helpdesk2	helpdesk2	Review Helpdesk	05-mar-2023	helpdesk1								helpdesk2										0	1	0	0		
45604d96-dffa-4b8b-a813-5f3592f0b319	2300000000000003	HD-IS	4	HD-IS_WF	Helpdesk Quick Response Issue Workflow	1	1	1	QRH_HELPDESK		Review	helpdesk1	picsupport2	Superior IT Application Problem Assign Ticket										picsupport2										1	0	0	0		
a970bbd1-4d41-420e-bd9e-7e3e593f6cbe	2300000000000003	HD-IS	4	HD-IS_WF	Helpdesk Quick Response Issue Workflow	1	1	1	QRH_HELPDESK		Review	helpdesk1	picsupport1	Superior IT Application Problem Assign Ticket										picsupport1										1	0	0	0		
413e13e9-9aa4-4292-be89-7521692d61b7	2300000000000002	HD-IS	2	HD-IS_WF	Helpdesk Issue Workflow	1	1	1	QRH_HELPDESK		Review	helpdesk1	helpdesk1	Review Helpdesk	05-mar-2023	helpdesk1								helpdesk1										0	1	0	0		
6563b9f7-2355-45b3-93fa-d39dfbc69f3d	2300000000000002	HD-IS	2	HD-IS_WF	Helpdesk Issue Workflow	1	1	1	QRH_HELPDESK		Review	helpdesk2	helpdesk2	Review Helpdesk	05-mar-2023	helpdesk1								helpdesk2										0	1	0	0		
fa271066-9d66-4523-8135-0da4bea895af	2300000000000002	HD-IS	4	HD-IS_WF	Helpdesk Quick Response Issue Workflow	1	1	1	QRH_HELPDESK		Review	helpdesk1	picsupport2	Superior IT Application Problem Assign Ticket	05-mar-2023	picsupport1								picsupport2										0	1	0	0		
32b61b0c-3236-43fe-aa36-0a16739af870	2300000000000002	HD-IS	4	HD-IS_WF	Helpdesk Quick Response Issue Workflow	1	1	1	QRH_HELPDESK		Review	helpdesk1	picsupport1	Superior IT Application Problem Assign Ticket	05-mar-2023	picsupport1								picsupport1										0	1	0	0		
a1a34762-380d-49b9-81e3-160cdbb099ee	2300000000000002	HD-IS	4	HD-IS_WF	Helpdesk Quick Response Issue Workflow	1	2	1	QRH_HELPDESK		Review	helpdesk1	#SYSTEM#	IT Support Get Job										#SYSTEM#										1	0	0	0		
3ddd51cf-40cb-4bbf-9102-331a91916b2f	2300000000000005	HD-IS	2	HD-IS_WF	Helpdesk Issue Workflow	1	1	1	QRH_HELPDESK		Review	helpdesk1	helpdesk1	Review Helpdesk										helpdesk1										1	0	0	0		
3afa5caf-589b-4ba2-96fb-a097963f0ba5	2300000000000005	HD-IS	2	HD-IS_WF	Helpdesk Issue Workflow	1	1	1	QRH_HELPDESK		Review	helpdesk2	helpdesk2	Review Helpdesk										helpdesk2										1	0	0	0		
be2117b8-bb00-45ed-8f44-91cc316a8360	2300000000000006	HD-IS	2	HD-IS_WF	Helpdesk Issue Workflow	1	1	1	QRH_HELPDESK		Review	helpdesk1	helpdesk1	Review Helpdesk										helpdesk1										1	0	0	0		
09b8c5d1-3cd1-4099-bbbc-8d9885b4f481	2300000000000006	HD-IS	2	HD-IS_WF	Helpdesk Issue Workflow	1	1	1	QRH_HELPDESK		Review	helpdesk2	helpdesk2	Review Helpdesk										helpdesk2										1	0	0	0		
9e2b91bf-1176-48ea-82db-ab40eb396cc8	2300000000000007	HD-IS	2	HD-IS_WF	Helpdesk Issue Workflow	1	1	1	QRH_HELPDESK		Review	helpdesk1	helpdesk1	Review Helpdesk										helpdesk1										1	0	0	0		
24c99faa-5e78-4958-9641-0d21d5e5a546	2300000000000007	HD-IS	2	HD-IS_WF	Helpdesk Issue Workflow	1	1	1	QRH_HELPDESK		Review	helpdesk2	helpdesk2	Review Helpdesk										helpdesk2										1	0	0	0		
5d22badf-0983-41a4-830b-225367e221a5	2300000000000008	HD-IS	2	HD-IS_WF	Helpdesk Issue Workflow	1	1	1	QRH_HELPDESK		Review	helpdesk1	helpdesk1	Review Helpdesk										helpdesk1										1	0	0	0		
4e1d4990-7922-4bd7-8f26-3859e58dc104	2300000000000008	HD-IS	2	HD-IS_WF	Helpdesk Issue Workflow	1	1	1	QRH_HELPDESK		Review	helpdesk2	helpdesk2	Review Helpdesk										helpdesk2										1	0	0	0		
c6520ccc-7134-4ccc-bed5-0bc74fc1f3d0	2300000000000009	HD-IS	2	HD-IS_WF	Helpdesk Issue Workflow	1	1	1	QRH_HELPDESK		Review	helpdesk1	helpdesk1	Review Helpdesk										helpdesk1										1	0	0	0		
f131c50e-6f44-490d-84e9-b0df3846346d	2300000000000009	HD-IS	2	HD-IS_WF	Helpdesk Issue Workflow	1	1	1	QRH_HELPDESK		Review	helpdesk2	helpdesk2	Review Helpdesk										helpdesk2										1	0	0	0		
2fe7d2d1-947d-43e6-a052-0621e7b04bc8	2300000000000010	HD-IS	2	HD-IS_WF	Helpdesk Issue Workflow	1	1	1	QRH_HELPDESK		Review	helpdesk1	helpdesk1	Review Helpdesk										helpdesk1										1	0	0	0		
d0dee36b-8cd9-4cea-aff7-aba49bf920a1	2300000000000010	HD-IS	2	HD-IS_WF	Helpdesk Issue Workflow	1	1	1	QRH_HELPDESK		Review	helpdesk2	helpdesk2	Review Helpdesk										helpdesk2										1	0	0	0		
56773ae7-179d-48b6-8530-d533d4f7eec7	2300000000000011	HD-IS	2	HD-IS_WF	Helpdesk Issue Workflow	1	1	1	QRH_HELPDESK		Review	helpdesk1	helpdesk1	Review Helpdesk										helpdesk1										1	0	0	0		
f29b6e43-090f-4999-b1ca-1816c01b8b87	2300000000000011	HD-IS	2	HD-IS_WF	Helpdesk Issue Workflow	1	1	1	QRH_HELPDESK		Review	helpdesk2	helpdesk2	Review Helpdesk										helpdesk2										1	0	0	0		
cd7db535-384f-44db-9732-0d25018b9f5b	2300000000000012	HD-IS	2	HD-IS_WF	Helpdesk Issue Workflow	1	1	1	QRH_HELPDESK		Review	helpdesk1	helpdesk1	Review Helpdesk										helpdesk1										1	0	0	0		
51c3316d-ae52-4830-bdfd-283cad7e7180	2300000000000012	HD-IS	2	HD-IS_WF	Helpdesk Issue Workflow	1	1	1	QRH_HELPDESK		Review	helpdesk2	helpdesk2	Review Helpdesk										helpdesk2										1	0	0	0		
8db806bc-1e08-4734-8b7d-d9604e070f1d	2300000000000014	HD-IS	2	HD-IS_WF	Helpdesk Issue Workflow	1	1	1	QRH_HELPDESK		Review	helpdesk1	helpdesk1	Review Helpdesk	08-mar-2023	helpdesk1								helpdesk1										0	1	0	0		
be6564ac-e3f8-4c49-85b3-7df55d04549f	2300000000000014	HD-IS	2	HD-IS_WF	Helpdesk Issue Workflow	1	1	1	QRH_HELPDESK		Review	helpdesk2	helpdesk2	Review Helpdesk	08-mar-2023	helpdesk1								helpdesk2										0	1	0	0		
5cba1051-3e03-482e-840f-9552e1458f44	2300000000000014	HD-IS	4	HD-IS_WF	Helpdesk Quick Response Issue Workflow	1	1	1	QRH_HELPDESK		Review	helpdesk1	picsupport2	Superior IT Application Problem Assign Ticket										picsupport2										1	0	0	0		
d92ea0b7-1a4c-44e2-b4f7-fb7b22943ac4	2300000000000014	HD-IS	4	HD-IS_WF	Helpdesk Quick Response Issue Workflow	1	1	1	QRH_HELPDESK		Review	helpdesk1	picsupport1	Superior IT Application Problem Assign Ticket										picsupport1										1	0	0	0		
aa8c825c-19a9-48d4-88ea-1f5965b54fff	2300000000000014	HD-IS	4	HD-IS_WF	Helpdesk Quick Response Issue Workflow	1	2	1	QRH_HELPDESK		Review	helpdesk1	#SYSTEM#	IT Support Get Job										#SYSTEM#										0	0	0	0		
43ea59f4-cf4a-4021-9817-21013c3fd84d	2300000000000013	HD-IS	2	HD-IS_WF	Helpdesk Issue Workflow	1	1	1	QRH_HELPDESK		Review	helpdesk1	helpdesk1	Review Helpdesk	08-mar-2023	helpdesk1								helpdesk1										0	1	0	0		
a3dc4b71-cbf4-41f7-8d31-9832df78361f	2300000000000013	HD-IS	2	HD-IS_WF	Helpdesk Issue Workflow	1	1	1	QRH_HELPDESK		Review	helpdesk2	helpdesk2	Review Helpdesk	08-mar-2023	helpdesk1								helpdesk2										0	1	0	0		
fd0ace4d-0299-4693-a0d0-ab4cfac4a6d8	2300000000000013	HD-IS	4	HD-IS_WF	Helpdesk Quick Response Issue Workflow	1	1	1	QRH_HELPDESK		Review	helpdesk1	itsupport1	IT Support Get Job										itsupport1										1	0	0	0		
32c6afe8-3512-4ce4-802b-523d0093548b	2300000000000013	HD-IS	4	HD-IS_WF	Helpdesk Quick Response Issue Workflow	1	1	1	QRH_HELPDESK		Review	helpdesk1	itsupport2	IT Support Get Job										itsupport2										1	0	0	0		
fb60231e-3eee-4db1-b32a-db1918848e21	2300000000000013	HD-IS	4	HD-IS_WF	Helpdesk Quick Response Issue Workflow	1	2	1	QRH_HELPDESK		Review	helpdesk1	#SYSTEM#	IT Support Get Job										#SYSTEM#										0	0	0	0		
4fdaf6ac-7f73-434a-b28e-4352229cbd0b	2300000000000015	HD-IS	2	HD-IS_WF	Helpdesk Issue Workflow	1	1	1	QRH_HELPDESK		Review	helpdesk1	helpdesk1	Review Helpdesk	08-mar-2023	helpdesk1								helpdesk1										0	1	0	0		
9a2b6575-5bf5-436d-843b-48a801011093	2300000000000015	HD-IS	2	HD-IS_WF	Helpdesk Issue Workflow	1	1	1	QRH_HELPDESK		Review	helpdesk2	helpdesk2	Review Helpdesk	08-mar-2023	helpdesk1								helpdesk2										0	1	0	0		
7220691a-8018-42cf-88af-caa4ba173482	2300000000000015	HD-IS	4	HD-IS_WF	Helpdesk Quick Response Issue Workflow	1	1	1	QRH_HELPDESK		Review	helpdesk1	itsupport1	IT Support Get Job										itsupport1										1	0	0	0		
ff71a100-d51a-46b4-b767-57752fb14ab6	2300000000000015	HD-IS	4	HD-IS_WF	Helpdesk Quick Response Issue Workflow	1	1	1	QRH_HELPDESK		Review	helpdesk1	itsupport2	IT Support Get Job										itsupport2										1	0	0	0		
d46d7948-4020-4490-b034-7b3f6e5161b2	2300000000000015	HD-IS	4	HD-IS_WF	Helpdesk Quick Response Issue Workflow	1	2	1	QRH_HELPDESK		Review	helpdesk1	#SYSTEM#	IT Support Get Job										#SYSTEM#										0	0	0	0		
b7d6fca8-099e-485d-986c-201e82418568	2300000000000016	HD-IS	2	HD-IS_WF	Helpdesk Issue Workflow	1	1	1	QRH_HELPDESK		Review	helpdesk1	helpdesk1	Review Helpdesk	08-mar-2023	helpdesk1								helpdesk1										0	1	0	0	2023-03-08 22:10:08.105376	2023-03-08 22:15:07.864027
63714cb4-c8c7-41a6-9ad4-982b7d200f83	2300000000000016	HD-IS	2	HD-IS_WF	Helpdesk Issue Workflow	1	1	1	QRH_HELPDESK		Review	helpdesk2	helpdesk2	Review Helpdesk	08-mar-2023	helpdesk1								helpdesk2										0	1	0	0	2023-03-08 22:10:08.114168	2023-03-08 22:15:07.864027
a9fe6395-7c28-4710-8d5b-fe5a3bf553e4	2300000000000016	HD-IS	2	HD-IS_WF	Helpdesk Issue Workflow	1	1	1	QRH_HELPDESK		Review	helpdesk1	helpdesk1	Review Helpdesk	08-mar-2023	helpdesk1								helpdesk1										0	1	0	0	2023-03-08 22:11:12.344255	2023-03-08 22:15:07.864027
dd9567a0-826b-4b1f-b40c-8cc13bf5f891	2300000000000016	HD-IS	2	HD-IS_WF	Helpdesk Issue Workflow	1	1	1	QRH_HELPDESK		Review	helpdesk2	helpdesk2	Review Helpdesk	08-mar-2023	helpdesk1								helpdesk2										0	1	0	0	2023-03-08 22:11:12.347232	2023-03-08 22:15:07.864027
3381406c-a3c5-4db0-87c0-fa1c351a95c5	2300000000000016	HD-IS	4	HD-IS_WF	Helpdesk Quick Response Issue Workflow	1	1	1	QRH_HELPDESK		Review	helpdesk1	itsupport1	IT Support Get Job										itsupport1										1	0	0	0		
3d102883-215f-4a59-80b3-54d6928f28fa	2300000000000016	HD-IS	4	HD-IS_WF	Helpdesk Quick Response Issue Workflow	1	1	1	QRH_HELPDESK		Review	helpdesk1	itsupport2	IT Support Get Job										itsupport2										1	0	0	0		
426f7b4a-1317-453d-99a1-fa5dc8a63d88	2300000000000016	HD-IS	4	HD-IS_WF	Helpdesk Quick Response Issue Workflow	1	2	1	QRH_HELPDESK		Review	helpdesk1	#SYSTEM#	IT Support Get Job										#SYSTEM#										0	0	0	0		
93325a62-23aa-45e4-b594-7826fc9e9803	2300000000000017	HD-IS	2	HD-IS_WF	Helpdesk Issue Workflow	1	1	1	QRH_HELPDESK		Review	helpdesk1	helpdesk1	Review Helpdesk	08-mar-2023	helpdesk1								helpdesk1										0	1	0	0	2023-03-08 22:36:00.58556	2023-03-08 22:36:20.966092
603bd381-beff-4869-b18f-7ef801f233e6	2300000000000017	HD-IS	2	HD-IS_WF	Helpdesk Issue Workflow	1	1	1	QRH_HELPDESK		Review	helpdesk2	helpdesk2	Review Helpdesk	08-mar-2023	helpdesk1								helpdesk2										0	1	0	0	2023-03-08 22:36:00.591552	2023-03-08 22:36:20.966092
72253337-c15b-4901-911c-f52cab17913d	2300000000000017	HD-IS	4	HD-IS_WF	Helpdesk Quick Response Issue Workflow	1	1	1	QRH_HELPDESK		Review	helpdesk1	itsupport1	IT Support Get Job	08-mar-2023	itsupport1								itsupport1										0	1	0	0	2023-03-08 22:36:20.974898	2023-03-08 23:50:12.497905
98ae44aa-85c9-4306-85ba-2f94f97f6674	2300000000000017	HD-IS	4	HD-IS_WF	Helpdesk Quick Response Issue Workflow	1	1	1	QRH_HELPDESK		Review	helpdesk1	itsupport2	IT Support Get Job	08-mar-2023	itsupport1								itsupport2										0	1	0	0	2023-03-08 22:36:20.976167	2023-03-08 23:50:12.497905
d39879c0-22a9-40b4-95b4-74d072e9835d	2300000000000017	HD-IS	4	HD-IS_WF	Helpdesk Quick Response Issue Workflow	1	2	1	QRH_HELPDESK		Review	helpdesk1	#SYSTEM#	IT Support Get Job										#SYSTEM#										1	0	0	0	2023-03-08 22:36:20.981173	
87cb3251-b058-451b-b5d2-28aabb18b83f	2300000000000018	HD-IS	2	HD-IS_WF	Helpdesk Issue Workflow	1	1	1	QRH_HELPDESK		Review	helpdesk1	helpdesk1	Review Helpdesk										helpdesk1										1	0	0	0	2023-03-09 08:04:59.94277	
5940a01f-a72d-4461-a49f-2da73928dabf	2300000000000018	HD-IS	2	HD-IS_WF	Helpdesk Issue Workflow	1	1	1	QRH_HELPDESK		Review	helpdesk2	helpdesk2	Review Helpdesk										helpdesk2										1	0	0	0	2023-03-09 08:04:59.946508	
70e500b0-ccf5-4531-9ae2-6ea20a64ff80	2300000000000019	HD-IS	2	HD-IS_WF	Helpdesk Issue Workflow	1	1	1	QRH_HELPDESK		Review	helpdesk1	helpdesk1	Review Helpdesk										helpdesk1										1	0	0	0	2023-03-10 04:01:09.536719	
a2a85a6a-a651-400f-9053-598b67a8117b	2300000000000019	HD-IS	2	HD-IS_WF	Helpdesk Issue Workflow	1	1	1	QRH_HELPDESK		Review	helpdesk2	helpdesk2	Review Helpdesk										helpdesk2										1	0	0	0	2023-03-10 04:01:09.540306	
87314110-575f-4895-a168-e8943be651cc	2300000000000020	HD-IS	2	HD-IS_WF	Helpdesk Issue Workflow	1	1	1	QRH_HELPDESK		Review	helpdesk1	helpdesk1	Review Helpdesk	10-mar-2023	helpdesk1								helpdesk1										0	1	0	0	2023-03-10 04:37:59.751191	2023-03-10 05:01:21.48358
e1fb742e-b689-44e7-b417-ca33fa55ffeb	2300000000000020	HD-IS	2	HD-IS_WF	Helpdesk Issue Workflow	1	1	1	QRH_HELPDESK		Review	helpdesk2	helpdesk2	Review Helpdesk	10-mar-2023	helpdesk1								helpdesk2										0	1	0	0	2023-03-10 04:37:59.755222	2023-03-10 05:01:21.48358
f134fd79-2444-49f9-beba-80857d53b731	2300000000000020	HD-IS	4	HD-IS_WF	Helpdesk Quick Response Issue Workflow	1	1	1	QRH_HELPDESK		Review	helpdesk1	picsupport2	Superior IT Application Problem Assign Ticket	10-mar-2023	picsupport1								picsupport2										0	1	0	0	2023-03-10 05:01:21.487632	2023-03-10 05:03:51.965477
1208d4f6-e62e-4d5e-aa13-eb9d92b2c617	2300000000000020	HD-IS	4	HD-IS_WF	Helpdesk Quick Response Issue Workflow	1	1	1	QRH_HELPDESK		Review	helpdesk1	picsupport1	Superior IT Application Problem Assign Ticket	10-mar-2023	picsupport1								picsupport1										0	1	0	0	2023-03-10 05:01:21.489356	2023-03-10 05:03:51.965477
c02390a1-bd72-4e5b-95ef-6a7f5d9b2660	2300000000000020	HD-IS	4	HD-IS_WF	Helpdesk Quick Response Issue Workflow	1	2	1	QRH_HELPDESK		Review	helpdesk1	#SYSTEM#	IT Support Get Job										#SYSTEM#										1	0	0	0	2023-03-10 05:01:21.492126	
cedc196e-172c-4248-bf26-8edff6fe3ab0	2300000000000021	HD-IS	2	HD-IS_WF	Helpdesk Issue Workflow	1	1	1	QRH_HELPDESK		Review	helpdesk1	helpdesk1	Review Helpdesk	10-mar-2023	helpdesk1								helpdesk1										0	1	0	0	2023-03-10 05:08:22.118874	2023-03-10 05:08:43.852227
4ae44963-5e39-47fd-8717-3e21410f9df6	2300000000000021	HD-IS	2	HD-IS_WF	Helpdesk Issue Workflow	1	1	1	QRH_HELPDESK		Review	helpdesk2	helpdesk2	Review Helpdesk	10-mar-2023	helpdesk1								helpdesk2										0	1	0	0	2023-03-10 05:08:22.120962	2023-03-10 05:08:43.852227
2117b5a6-38f3-44ca-a209-18379f702a48	2300000000000021	HD-IS	4	HD-IS_WF	Helpdesk Quick Response Issue Workflow	1	1	1	QRH_HELPDESK		Review	helpdesk1	picsupport2	Superior IT Application Problem Assign Ticket	10-mar-2023	picsupport1								picsupport2										0	1	0	0	2023-03-10 05:08:43.856401	2023-03-10 05:10:35.865462
76f48f0b-0b86-4f17-83a7-d4032b99bb54	2300000000000021	HD-IS	4	HD-IS_WF	Helpdesk Quick Response Issue Workflow	1	1	1	QRH_HELPDESK		Review	helpdesk1	picsupport1	Superior IT Application Problem Assign Ticket	10-mar-2023	picsupport1								picsupport1										0	1	0	0	2023-03-10 05:08:43.859031	2023-03-10 05:10:35.865462
f5cd6e53-0841-479a-823c-cc4415f952fc	2300000000000021	HD-IS	4	HD-IS_WF	Helpdesk Quick Response Issue Workflow	1	2	1	QRH_HELPDESK		Review	helpdesk1	#SYSTEM#	IT Support Get Job										#SYSTEM#										1	0	0	0	2023-03-10 05:08:43.866691	
899753be-ee59-4e06-b3bc-c42448081c9d	2300000000000022	HD-IS	2	HD-IS_WF	Helpdesk Issue Workflow	1	1	1	QRH_HELPDESK		Review	helpdesk1	helpdesk1	Review Helpdesk	10-mar-2023	helpdesk1								helpdesk1										0	1	0	0	2023-03-10 05:16:48.404754	2023-03-10 05:17:57.60344
76dad9b5-5699-4f67-8202-82c03925000e	2300000000000022	HD-IS	2	HD-IS_WF	Helpdesk Issue Workflow	1	1	1	QRH_HELPDESK		Review	helpdesk2	helpdesk2	Review Helpdesk	10-mar-2023	helpdesk1								helpdesk2										0	1	0	0	2023-03-10 05:16:48.453558	2023-03-10 05:17:57.60344
a870d52b-d996-4373-9461-0b300a377f2f	2300000000000022	HD-IS	4	HD-IS_WF	Helpdesk Quick Response Issue Workflow	1	1	1	QRH_HELPDESK		Review	helpdesk1	picsupport2	Superior IT Application Problem Assign Ticket	10-mar-2023	picsupport1								picsupport2										0	1	0	0	2023-03-10 05:17:57.610954	2023-03-10 05:19:12.950925
10d6506f-4bd9-4904-89f2-0ddbdfc04aad	2300000000000022	HD-IS	4	HD-IS_WF	Helpdesk Quick Response Issue Workflow	1	1	1	QRH_HELPDESK		Review	helpdesk1	picsupport1	Superior IT Application Problem Assign Ticket	10-mar-2023	picsupport1								picsupport1										0	1	0	0	2023-03-10 05:17:57.622472	2023-03-10 05:19:12.950925
d184fc3a-1595-4807-b403-0b54e789f8af	2300000000000023	HD-IS	2	HD-IS_WF	Helpdesk Issue Workflow	1	1	1	QRH_HELPDESK		Review	helpdesk1	helpdesk1	Review Helpdesk										helpdesk1										1	0	0	0	2023-03-10 10:54:23.395377	
b2893dbe-5158-4a26-95db-23910fdf4a59	2300000000000023	HD-IS	2	HD-IS_WF	Helpdesk Issue Workflow	1	1	1	QRH_HELPDESK		Review	helpdesk2	helpdesk2	Review Helpdesk										helpdesk2										1	0	0	0	2023-03-10 10:54:23.403215	
68305da5-ea4f-4ff8-9163-3f38266b59d8	2300000000000022	HD-IS	4	HD-IS_WF	Helpdesk Quick Response Issue Workflow	1	2	1	QRH_HELPDESK		Review	helpdesk1	it1	IT Support Get Job	10-mar-2023	it1								it1										0	1	0	0	2023-03-10 05:17:57.627573	2023-03-10 12:47:53.560208
46463ef0-6b9a-4487-8130-1cd5048c88b0	2300000000000024	HD-IS	2	HD-IS_WF	Helpdesk Issue Workflow	1	1	1	QRH_HELPDESK		Review	helpdesk1	helpdesk1	Review Helpdesk										helpdesk1										1	0	0	0	2023-03-10 12:54:16.514296	
eeb07e03-09a5-4508-b91d-9be022b4a025	2300000000000024	HD-IS	2	HD-IS_WF	Helpdesk Issue Workflow	1	1	1	QRH_HELPDESK		Review	helpdesk2	helpdesk2	Review Helpdesk										helpdesk2										1	0	0	0	2023-03-10 12:54:16.516604	
d1dd4170-f1c1-40be-9d86-1ec3fdc236a5	2300000000000025	HD-IS	2	HD-IS_WF	Helpdesk Issue Workflow	1	1	1	QRH_HELPDESK		Review	helpdesk1	helpdesk1	Review Helpdesk										helpdesk1										1	0	0	0	2023-03-10 13:14:49.069148	
7bc4d62c-191d-47ba-b384-f26d0846227c	2300000000000025	HD-IS	2	HD-IS_WF	Helpdesk Issue Workflow	1	1	1	QRH_HELPDESK		Review	helpdesk2	helpdesk2	Review Helpdesk										helpdesk2										1	0	0	0	2023-03-10 13:14:49.093243	
1de7cfff-2455-4422-983c-9ac5c6dcf6d2	2300000000000026	HD-IS	2	HD-IS_WF	Helpdesk Issue Workflow	1	1	1	QRH_HELPDESK		Review	helpdesk1	helpdesk1	Review Helpdesk										helpdesk1										1	0	0	0	2023-03-10 13:15:01.002933	
d0de2058-ea56-4c48-a69d-98135f653293	2300000000000026	HD-IS	2	HD-IS_WF	Helpdesk Issue Workflow	1	1	1	QRH_HELPDESK		Review	helpdesk2	helpdesk2	Review Helpdesk										helpdesk2										1	0	0	0	2023-03-10 13:15:01.005583	
1793ccab-ede4-4ea9-877a-98d6df69679a	2300000000000027	HD-IS	2	HD-IS_WF	Helpdesk Issue Workflow	1	1	1	QRH_HELPDESK		Review	helpdesk1	helpdesk1	Review Helpdesk										helpdesk1										1	0	0	0	2023-03-10 13:29:50.511932	
320b7716-8090-441d-8060-f582f1a631e0	2300000000000027	HD-IS	2	HD-IS_WF	Helpdesk Issue Workflow	1	1	1	QRH_HELPDESK		Review	helpdesk2	helpdesk2	Review Helpdesk										helpdesk2										1	0	0	0	2023-03-10 13:29:50.516993	
d41c64cb-782a-4ab6-bf49-ff8b6bac8035	2300000000000028	HD-IS	2	HD-IS_WF	Helpdesk Issue Workflow	1	1	1	QRH_HELPDESK		Review	helpdesk1	helpdesk1	Review Helpdesk										helpdesk1										1	0	0	0	2023-03-10 13:30:37.362191	
4619b87a-4aea-429d-95de-2c3448a706b1	2300000000000028	HD-IS	2	HD-IS_WF	Helpdesk Issue Workflow	1	1	1	QRH_HELPDESK		Review	helpdesk2	helpdesk2	Review Helpdesk										helpdesk2										1	0	0	0	2023-03-10 13:30:37.364949	
3fb8bcc5-1595-4afd-b176-96e4243d9bf9	2300000000000029	HD-IS	2	HD-IS_WF	Helpdesk Issue Workflow	1	1	1	QRH_HELPDESK		Review	helpdesk1	helpdesk1	Review Helpdesk										helpdesk1										1	0	0	0	2023-03-10 13:32:37.393651	
ce5531ad-cf71-4bb2-a613-d847af8e24f9	2300000000000029	HD-IS	2	HD-IS_WF	Helpdesk Issue Workflow	1	1	1	QRH_HELPDESK		Review	helpdesk2	helpdesk2	Review Helpdesk										helpdesk2										1	0	0	0	2023-03-10 13:32:37.39755	
ce1ccf59-305c-42fc-817d-0f22299a8823	2300000000000030	HD-IS	2	HD-IS_WF	Helpdesk Issue Workflow	1	1	1	QRH_HELPDESK		Review	helpdesk1	helpdesk1	Review Helpdesk										helpdesk1										1	0	0	0	2023-03-10 13:32:44.307219	
91c74feb-5962-48d5-8d5b-46738d879932	2300000000000030	HD-IS	2	HD-IS_WF	Helpdesk Issue Workflow	1	1	1	QRH_HELPDESK		Review	helpdesk2	helpdesk2	Review Helpdesk										helpdesk2										1	0	0	0	2023-03-10 13:32:44.311548	
93915072-c67b-433f-b848-1e3f9c004e97	2300000000000031	HD-IS	2	HD-IS_WF	Helpdesk Issue Workflow	1	1	1	QRH_HELPDESK		Review	helpdesk1	helpdesk1	Review Helpdesk										helpdesk1										1	0	0	0	2023-03-10 13:39:36.789688	
372fb487-8e65-4d29-8a52-d07ff9631e88	2300000000000031	HD-IS	2	HD-IS_WF	Helpdesk Issue Workflow	1	1	1	QRH_HELPDESK		Review	helpdesk2	helpdesk2	Review Helpdesk										helpdesk2										1	0	0	0	2023-03-10 13:39:36.792992	
c8c3d73b-4fe3-466c-b8a8-1769c998849d	2300000000000032	HD-IS	2	HD-IS_WF	Helpdesk Issue Workflow	1	1	1	QRH_HELPDESK		Review	helpdesk1	helpdesk1	Review Helpdesk										helpdesk1										1	0	0	0	2023-03-10 13:45:42.748537	
ea82ac2d-eac0-4110-8d4f-3b7f8758a024	2300000000000032	HD-IS	2	HD-IS_WF	Helpdesk Issue Workflow	1	1	1	QRH_HELPDESK		Review	helpdesk2	helpdesk2	Review Helpdesk										helpdesk2										1	0	0	0	2023-03-10 13:45:42.770976	
da1b1702-8a21-46bf-b8e4-2f7edea79614	2300000000000033	HD-IS	2	HD-IS_WF	Helpdesk Issue Workflow	1	1	1	QRH_HELPDESK		Review	helpdesk1	helpdesk1	Review Helpdesk										helpdesk1										1	0	0	0	2023-03-10 13:48:16.401788	
49da3477-2edc-4514-a987-ffc0ae792277	2300000000000033	HD-IS	2	HD-IS_WF	Helpdesk Issue Workflow	1	1	1	QRH_HELPDESK		Review	helpdesk2	helpdesk2	Review Helpdesk										helpdesk2										1	0	0	0	2023-03-10 13:48:16.405351	
486eeefe-5ab3-4714-a360-bcd7620d7fbe	2300000000000034	HD-IS	2	HD-IS_WF	Helpdesk Issue Workflow	1	1	1	QRH_HELPDESK		Review	helpdesk1	helpdesk1	Review Helpdesk										helpdesk1										1	0	0	0	2023-03-10 13:52:03.72715	
4949436f-04e2-4013-96f7-270d169597ae	2300000000000034	HD-IS	2	HD-IS_WF	Helpdesk Issue Workflow	1	1	1	QRH_HELPDESK		Review	helpdesk2	helpdesk2	Review Helpdesk										helpdesk2										1	0	0	0	2023-03-10 13:52:03.730431	
367878ec-698d-48a2-9381-858a13284e4c	2300000000000035	HD-IS	2	HD-IS_WF	Helpdesk Issue Workflow	1	1	1	QRH_HELPDESK		Review	helpdesk1	helpdesk1	Review Helpdesk										helpdesk1										1	0	0	0	2023-03-10 13:52:11.211141	
6d1594a2-b846-41d6-ae8a-9b30c4c1a5cd	2300000000000035	HD-IS	2	HD-IS_WF	Helpdesk Issue Workflow	1	1	1	QRH_HELPDESK		Review	helpdesk2	helpdesk2	Review Helpdesk										helpdesk2										1	0	0	0	2023-03-10 13:52:11.223851	
3cd88db9-475e-4e0b-ac99-2cca391b03b8	2300000000000036	HD-IS	2	HD-IS_WF	Helpdesk Issue Workflow	1	1	1	QRH_HELPDESK		Review	helpdesk1	helpdesk1	Review Helpdesk										helpdesk1										1	0	0	0	2023-03-10 13:52:55.070349	
42e0980a-372d-400d-82eb-343cfe9f2bb5	2300000000000036	HD-IS	2	HD-IS_WF	Helpdesk Issue Workflow	1	1	1	QRH_HELPDESK		Review	helpdesk2	helpdesk2	Review Helpdesk										helpdesk2										1	0	0	0	2023-03-10 13:52:55.078103	
3a64b7f2-c703-43bb-a2ba-9afbc4f4882b	2300000000000037	HD-IS	2	HD-IS_WF	Helpdesk Issue Workflow	1	1	1	QRH_HELPDESK		Review	helpdesk1	helpdesk1	Review Helpdesk										helpdesk1										1	0	0	0	2023-03-10 13:55:58.356342	
32fb11a4-9a8c-401f-a682-794f54d6f7a8	2300000000000037	HD-IS	2	HD-IS_WF	Helpdesk Issue Workflow	1	1	1	QRH_HELPDESK		Review	helpdesk2	helpdesk2	Review Helpdesk										helpdesk2										1	0	0	0	2023-03-10 13:55:58.358195	
5c24b9e9-7e3a-4e8f-9465-00abdbd20333	2300000000000038	HD-IS	2	HD-IS_WF	Helpdesk Issue Workflow	1	1	1	QRH_HELPDESK		Review	helpdesk1	helpdesk1	Review Helpdesk										helpdesk1										1	0	0	0	2023-03-10 13:56:04.758227	
9c2d2614-6379-41ef-94f8-525f3d5907ee	2300000000000038	HD-IS	2	HD-IS_WF	Helpdesk Issue Workflow	1	1	1	QRH_HELPDESK		Review	helpdesk2	helpdesk2	Review Helpdesk										helpdesk2										1	0	0	0	2023-03-10 13:56:04.762085	
ebfef632-3e99-4876-83f3-168ce5b992e8	2300000000000039	HD-IS	2	HD-IS_WF	Helpdesk Issue Workflow	1	1	1	QRH_HELPDESK		Review	helpdesk1	helpdesk1	Review Helpdesk										helpdesk1										1	0	0	0	2023-03-10 13:57:12.069513	
ebafd3aa-9ff4-44dc-97dd-8beaa399819b	2300000000000039	HD-IS	2	HD-IS_WF	Helpdesk Issue Workflow	1	1	1	QRH_HELPDESK		Review	helpdesk2	helpdesk2	Review Helpdesk										helpdesk2										1	0	0	0	2023-03-10 13:57:12.079116	
cfedf2b9-ed32-4c3d-919a-c4ea1c7c8b3a	2300000000000040	HD-IS	2	HD-IS_WF	Helpdesk Issue Workflow	1	1	1	QRH_HELPDESK		Review	helpdesk1	helpdesk1	Review Helpdesk										helpdesk1										1	0	0	0	2023-03-10 13:57:16.582155	
753f51ad-e4e6-4ea8-be84-cdb4eed7fed4	2300000000000040	HD-IS	2	HD-IS_WF	Helpdesk Issue Workflow	1	1	1	QRH_HELPDESK		Review	helpdesk2	helpdesk2	Review Helpdesk										helpdesk2										1	0	0	0	2023-03-10 13:57:16.589284	
f1449e6f-7b9d-44fa-a2dc-32333e297f2c	2300000000000041	HD-IS	2	HD-IS_WF	Helpdesk Issue Workflow	1	1	1	QRH_HELPDESK		Review	70001221	70001221	Review Helpdesk	09-mar-2023	70001221								Karuna Wulan Dewi										0	1	0	0	2023-03-09 12:49:57.257027	2023-03-09 12:51:39.312376
70d13b9e-ef63-458c-ba25-ba485058a570	2300000000000041	HD-IS	2	HD-IS_WF	Helpdesk Issue Workflow	1	1	1	QRH_HELPDESK		Review	70001222	70001222	Review Helpdesk	09-mar-2023	70001221								Swanto Tan										0	1	0	0	2023-03-09 12:49:57.263614	2023-03-09 12:51:39.312376
bcf17f4a-bb0c-4432-8ecc-c3284d3b95af	2300000000000041	HD-IS	4	HD-IS_WF	Helpdesk Quick Response Issue Workflow	1	1	1	QRH_HELPDESK		Review	70001221	70001112	Superior IT Application Problem Assign Ticket	09-mar-2023	70001111								Hardy Sujardi										0	1	0	0	2023-03-09 12:51:39.320443	2023-03-09 12:52:56.278511
3b070266-f2d9-4a4d-9476-4047cc334c5b	2300000000000041	HD-IS	4	HD-IS_WF	Helpdesk Quick Response Issue Workflow	1	1	1	QRH_HELPDESK		Review	70001221	70001111	Superior IT Application Problem Assign Ticket	09-mar-2023	70001111								Daniel Ma										0	1	0	0	2023-03-09 12:51:39.324912	2023-03-09 12:52:56.278511
000c7bdd-6fa3-4cfb-9284-56e9a3e40c26	2300000000000043	HD-IS	4	HD-IS_WF	Helpdesk Quick Response Issue Workflow	1	1	1	QRH_HELPDESK		Review	70001221	70001112	Superior IT Application Problem Assign Ticket	09-mar-2023	70001111								Hardy Sujardi										0	1	0	0	2023-03-09 13:24:21.976786	2023-03-09 13:25:29.727273
3b7b98b4-7a8b-4f6e-8695-fb6649d981f9	2300000000000041	HD-IS	4	HD-IS_WF	Helpdesk Quick Response Issue Workflow	1	2	1	QRH_HELPDESK		Review	70001221	70001234	IT Support Get Job	09-mar-2023	70001234								Jonathan Albert										0	1	0	0	2023-03-09 12:51:39.32892	2023-03-09 12:54:48.70403
f15f1b55-7368-4cbf-8bcb-d93662eab3e5	2300000000000042	HD-IS	2	HD-IS_WF	Helpdesk Issue Workflow	1	1	1	QRH_HELPDESK		Review	70001221	70001221	Review Helpdesk	09-mar-2023	70001221								Karuna Wulan Dewi										0	1	0	0	2023-03-09 13:11:32.817241	2023-03-09 13:13:13.688971
275b751e-8cd4-4bf6-9f12-7f7c5d3196a0	2300000000000042	HD-IS	2	HD-IS_WF	Helpdesk Issue Workflow	1	1	1	QRH_HELPDESK		Review	70001222	70001222	Review Helpdesk	09-mar-2023	70001221								Swanto Tan										0	1	0	0	2023-03-09 13:11:32.836963	2023-03-09 13:13:13.688971
0513d46b-27f1-4894-8a52-9e65181c0ce1	2300000000000042	HD-IS	4	HD-IS_WF	Helpdesk Quick Response Issue Workflow	1	1	1	QRH_HELPDESK		Review	70001221	70001112	Superior IT Application Problem Assign Ticket	09-mar-2023	70001111								Hardy Sujardi										0	1	0	0	2023-03-09 13:13:13.698248	2023-03-09 13:14:35.967097
281ef278-3517-445a-b268-233e231273d4	2300000000000042	HD-IS	4	HD-IS_WF	Helpdesk Quick Response Issue Workflow	1	1	1	QRH_HELPDESK		Review	70001221	70001111	Superior IT Application Problem Assign Ticket	09-mar-2023	70001111								Daniel Ma										0	1	0	0	2023-03-09 13:13:13.700237	2023-03-09 13:14:35.967097
d2b8f78f-aa02-4171-8729-41ea8dd37492	2300000000000042	HD-IS	4	HD-IS_WF	Helpdesk Quick Response Issue Workflow	1	2	1	QRH_HELPDESK		Review	70001221	70001234	IT Support Get Job	09-mar-2023	70001234								Jonathan Albert										0	1	0	0	2023-03-09 13:13:13.712861	2023-03-09 13:16:12.601682
987d8588-3075-48e7-8c6b-d13e3e1183e8	2300000000000043	HD-IS	2	HD-IS_WF	Helpdesk Issue Workflow	1	1	1	QRH_HELPDESK		Review	70001221	70001221	Review Helpdesk	09-mar-2023	70001221								Karuna Wulan Dewi										0	1	0	0	2023-03-09 13:22:39.717508	2023-03-09 13:24:21.968432
06b2ac88-e5fa-4b69-aa85-16e737be145b	2300000000000043	HD-IS	2	HD-IS_WF	Helpdesk Issue Workflow	1	1	1	QRH_HELPDESK		Review	70001222	70001222	Review Helpdesk	09-mar-2023	70001221								Swanto Tan										0	1	0	0	2023-03-09 13:22:39.733827	2023-03-09 13:24:21.968432
4db8e835-8dc3-4717-b668-0515ebd8c821	2300000000000043	HD-IS	4	HD-IS_WF	Helpdesk Quick Response Issue Workflow	1	1	1	QRH_HELPDESK		Review	70001221	70001111	Superior IT Application Problem Assign Ticket	09-mar-2023	70001111								Daniel Ma										0	1	0	0	2023-03-09 13:24:21.978565	2023-03-09 13:25:29.727273
57765964-9d65-48b4-a989-13c84d3c8b61	2300000000000043	HD-IS	4	HD-IS_WF	Helpdesk Quick Response Issue Workflow	1	2	1	QRH_HELPDESK		Review	70001221	70001234	IT Support Get Job	09-mar-2023	70001234								Jonathan Albert										0	1	0	0	2023-03-09 13:24:21.982283	2023-03-09 13:26:57.559751
8e50a539-48ae-4807-b4ed-dac5a0afc790	2300000000000044	HD-IS	2	HD-IS_WF	Helpdesk Issue Workflow	1	1	1	QRH_HELPDESK		Review	70001221	70001221	Review Helpdesk	09-mar-2023	70001221								Karuna Wulan Dewi										0	1	0	0	2023-03-09 13:31:35.020441	2023-03-09 13:32:39.059118
f07bb197-1e10-4631-a870-08fa9dccce12	2300000000000044	HD-IS	2	HD-IS_WF	Helpdesk Issue Workflow	1	1	1	QRH_HELPDESK		Review	70001222	70001222	Review Helpdesk	09-mar-2023	70001221								Swanto Tan										0	1	0	0	2023-03-09 13:31:35.046173	2023-03-09 13:32:39.059118
58c99ef1-3552-4389-822e-5726ebc54a5f	2300000000000044	HD-IS	4	HD-IS_WF	Helpdesk Quick Response Issue Workflow	1	1	1	QRH_HELPDESK		Review	70001221	70001112	Superior IT Application Problem Assign Ticket	09-mar-2023	70001111								Hardy Sujardi										0	1	0	0	2023-03-09 13:32:39.065446	2023-03-09 13:33:44.524734
39aff72f-a2ad-468c-aaac-ae127e81b0f2	2300000000000044	HD-IS	4	HD-IS_WF	Helpdesk Quick Response Issue Workflow	1	1	1	QRH_HELPDESK		Review	70001221	70001111	Superior IT Application Problem Assign Ticket	09-mar-2023	70001111								Daniel Ma										0	1	0	0	2023-03-09 13:32:39.067815	2023-03-09 13:33:44.524734
6f02cf97-3fbc-4a6a-a022-3dd6ab6176c5	2300000000000044	HD-IS	4	HD-IS_WF	Helpdesk Quick Response Issue Workflow	1	2	1	QRH_HELPDESK		Review	70001221	70001234	IT Support Get Job	09-mar-2023	70001234								Jonathan Albert										0	1	0	0	2023-03-09 13:32:39.073383	2023-03-09 13:34:53.988401
842095d5-a32b-4d53-a4d3-dd7d61efb6da	2300000000000045	HD-IS	2	HD-IS_WF	Helpdesk Issue Workflow	1	1	1	QRH_HELPDESK		Review	70001221	70001221	Review Helpdesk	09-mar-2023	70001221								Karuna Wulan Dewi										0	1	0	0	2023-03-09 13:39:48.689984	2023-03-09 13:40:52.168114
9a4aaf15-7037-4b8c-8609-483d716c71fa	2300000000000045	HD-IS	2	HD-IS_WF	Helpdesk Issue Workflow	1	1	1	QRH_HELPDESK		Review	70001222	70001222	Review Helpdesk	09-mar-2023	70001221								Swanto Tan										0	1	0	0	2023-03-09 13:39:48.693941	2023-03-09 13:40:52.168114
ff077a38-7a88-4076-a4ca-fca8a10c4615	2300000000000045	HD-IS	4	HD-IS_WF	Helpdesk Quick Response Issue Workflow	1	1	1	QRH_HELPDESK		Review	70001221	70001112	Superior IT Application Problem Assign Ticket	09-mar-2023	70001111								Hardy Sujardi										0	1	0	0	2023-03-09 13:40:52.177654	2023-03-09 13:41:33.485608
70c8afa7-96c1-48f1-8dd8-81d96e4521b2	2300000000000045	HD-IS	4	HD-IS_WF	Helpdesk Quick Response Issue Workflow	1	1	1	QRH_HELPDESK		Review	70001221	70001111	Superior IT Application Problem Assign Ticket	09-mar-2023	70001111								Daniel Ma										0	1	0	0	2023-03-09 13:40:52.181469	2023-03-09 13:41:33.485608
fc68a059-f1e3-49ba-aa60-bfa353519642	2300000000000045	HD-IS	4	HD-IS_WF	Helpdesk Quick Response Issue Workflow	1	2	1	QRH_HELPDESK		Review	70001221	70001234	IT Support Get Job	09-mar-2023	70001234								Jonathan Albert										0	1	0	0	2023-03-09 13:40:52.185544	2023-03-09 13:42:39.118917
